Type,Name,Request Count,Failure Count,Median Response Time,Average Response Time,Min Response Time,Max Response Time,Average Content Size,Requests/s,Failures/s,50%,66%,75%,80%,90%,95%,98%,99%,99.9%,99.99%,100%
GET,/api/v1/inventory/stocks,47,0,16,294.7087638263412,13.009499991312623,2331.6706999903545,2859.0,3.6592227138625,0.0,16,16,18,19,2100,2300,2300,2300,2300,2300,2300
GET,/api/v1/inventory/transactions,9,9,5,925.9385666421925,3.4592999145388603,2122.0703000435606,22.0,0.7007022218034574,0.7007022218034574,5,2100,2100,2100,2100,2100,2100,2100,2100,2100,2100
,Aggregated,56,9,15,396.15641070746017,3.4592999145388603,2331.6706999903545,2403.0535714285716,4.3599249356659575,0.7007022218034574,16,16,19,25,2100,2300,2300,2300,2300,2300,2300
