Type,Name,Request Count,Failure Count,Median Response Time,Average Response Time,Min Response Time,Max Response Time,Average Content Size,Requests/s,Failures/s,50%,66%,75%,80%,90%,95%,98%,99%,99.9%,99.99%,100%
GET,/api/v1/inventory/stocks,44,0,15,471.7909613655965,12.84410001244396,2402.9516999144107,2859.0,3.172391918021059,0.0,15,17,19,2100,2400,2400,2400,2400,2400,2400,2400
GET,/api/v1/transactions,14,0,21,178.6768714165581,18.75239994842559,2119.2661999957636,3378.0,1.009397428461246,0.0,22,44,47,51,52,2100,2100,2100,2100,2100,2100
,Aggregated,58,0,17,401.0392844813458,12.84410001244396,2402.9516999144107,2984.2758620689656,4.181789346482305,0.0,17,21,26,51,2100,2400,2400,2400,2400,2400,2400
